15,CC12CCC(=O)CC1CCC3C2CCC4(C3CCC4O)C
241,C1=CC=CC=C1
544,[O-][As]([O-])[O-]
702,CCO
712,C=O
784,OO
985,CCCCCCCCCCCCCCCC(=O)O
1175,C12=C(NC(=O)N1)NC(=O)NC2=O
1832,CN(C)CCC1=CNC2=C1C=C(C=C2)OC
2336,C1=CC=C2C3=C4C(=CC2=C1)C=CC5=C4C(=CC=C5)C=C3
2375,CC(CS(=O)(=O)C1=CC=C(C=C1)F)(C(=O)NC2=CC(=C(C=C2)C#N)C(F)(F)F)O
2578,C(CCl)NC(=O)N(CCCl)N=O
2662,CC1=CC=C(C=C1)C2=CC(=NN2C3=CC=C(C=C3)S(=O)(=O)N)C(F)(F)F
2995,CNCCCN1C2=CC=CC=C2CCC3=CC=CC=C31
3071,C1=CC=C2C(=C1)C(=CN2)CC3=CNC4=CC=CC=C43
3117,CCN(CC)C(=S)SSC(=S)N(CC)CC
3121,CCCC(CCC)C(=O)O
3220,CC1=CC2=C(C(=C1)O)C(=O)C3=C(C2=O)C=C(C=C3O)O
3229,CCN1C=C(C(=O)C2=CC(=C(N=C21)N3CCNCC3)F)C(=O)O
3385,C1=C(C(=O)NC(=O)N1)F
3386,CNCCC(C1=CC=CC=C1)OC2=CC=C(C=C2)C(F)(F)F
3564,CC1=NCCC2=C1NC3=C2C=CC(=C3)OC
3652,CCN(CCCC(C)NC1=C2C=CC(=CC2=NC=C1)Cl)CCO
3902,C1=CC(=CC=C1C#N)C(C2=CC=C(C=C2)C#N)N3C=NC=N3
4091,CN(C)C(=N)N=C(N)N
4095,CCC(=O)C(CC(C)N(C)C)(C1=CC=CC=C1)C2=CC=CC=C2
4158,COC(=O)C(C1CCCCN1)C2=CC=CC=C2
4212,C1=CC(=C2C(=C1NCCNCCO)C(=O)C3=C(C=CC(=C3C2=O)O)O)NCCNCCO
4624,C1=C(C(=CC(=C1O)O)O)CCN
5073,CC1=C(C(=O)N2CCCCC2=N1)CCN3CCC(CC3)C4=NOC5=C4C=CC(=C5)F
5311,C1=CC=C(C=C1)NC(=O)CCCCCCC(=O)NO
5394,CN1C(=O)N2C=NC(=C2N=N1)C(=O)N
5743,C[C@@H]1C[C@H]2[C@@H]3CCC4=CC(=O)C=C[C@@]4([C@]3([C@H](C[C@@]2([C@]1(C(=O)CO)O)C)O)F)C
5757,C[C@]12CC[C@H]3[C@H]([C@@H]1CC[C@@H]2O)CCC4=C3C=CC(=C4)O
5790,C1[C@@H]([C@H](O[C@H]1N2C=C(C(=O)NC2=O)F)CO)O
5793,C([C@@H]1[C@H]([C@@H]([C@H](C(O1)O)O)O)O)O
5816,CNC[C@@H](C1=CC(=C(C=C1)O)O)O
5865,C[C@]12CC(=O)[C@H]3[C@H]([C@@H]1CC[C@@]2(C(=O)CO)O)CCC4=CC(=O)C=C[C@]34C
5978,CC[C@@]1(C[C@@H]2C[C@@](C3=C(CCN(C2)C1)C4=CC=CC=C4N3)(C5=C(C=C6C(=C5)[C@]78CCN9[C@H]7[C@@](C=CC9)([C@H]([C@@]([C@@H]8N6C=O)(C(=O)OC)O)OC(=O)C)CC)OC)C(=O)OC)O
5994,CC(=O)[C@H]1CC[C@@H]2[C@@]1(CC[C@H]3[C@H]2CCC4=CC(=O)CC[C@]34C)C
6013,C[C@]12CC[C@H]3[C@H]([C@@H]1CC[C@@H]2O)CCC4=CC(=O)CC[C@]34C
6089,CN(C)CCC1=CNC2=CC=CC=C21
6279,C[C@H]1C[C@@H]2[C@H](CC[C@]3([C@H]2CC[C@@]3(C(=O)C)OC(=O)C)C)[C@@]4(C1=CC(=O)CC4)C
6623,CC(C)(C1=CC=C(C=C1)O)C2=CC=C(C=C2)O
7222,C1=CC=C2C(=C1)N=CS2
8642,C1[C@@H]([C@H](O[C@H]1N2C=C(C(=O)NC2=O)F)COP(=O)(O)O)O
9444,C1=NC(=NC(=O)N1[C@H]2[C@@H]([C@@H]([C@H](O2)CO)O)O)N
10635,C[C@]12CCC(=O)C[C@@H]1CC[C@@H]3[C@@H]2CC[C@]4([C@H]3CC[C@@H]4O)C
10836,C[C@@H](CC1=CC=CC=C1)NC
13089,C1=CC=C(C(=C1)C(C2=CC=C(C=C2)Cl)C(Cl)(Cl)Cl)Cl
13342,CC[C@@]1(C[C@H]2C[C@@](C3=C(CCN(C2)C1)C4=CC=CC=C4N3)(C5=C(C=C6C(=C5)[C@]78CCN9[C@H]7[C@@](C=CC9)([C@H]([C@@]([C@@H]8N6C)(C(=O)OC)O)OC(=O)C)CC)OC)C(=O)OC)O
14403,COC1=C2C3=C(C(=O)CC3)C(=O)OC2=C4C5C=COC5OC4=C1
14888,[O-2].[O-2].[O-2].[As+3].[As+3]
15625,C1=C2C(=CC(=C1Cl)Cl)OC3=CC(=C(C=C3O2)Cl)Cl
15939,C[N+]1=CC=C(C=C1)C2=CC=[N+](C=C2)C
21109,COC1=C(C(=C(C=C1)CN2CCNCC2)OC)OC
23973,[Cd]
24288,Cl[Co]Cl
24360,CC[C@@]1(C2=C(COC1=O)C(=O)N3CC4=CC5=CC=CC=C5N=C4C3=C2)O
24497,[O-]S(=O)(=O)[O-].[Ca+2]
31101,CC(C)C[C@H]1C(=O)N2CCC[C@H]2[C@]3(N1C(=O)[C@](O3)(C(C)C)NC(=O)[C@H]4CN([C@@H]5CC6=C(NC7=CC=CC(=C67)C5=C4)Br)C)O
31401,C[C@H](CCC(=O)O)[C@H]1CC[C@@H]2[C@@]1(CC[C@H]3[C@H]2[C@H](C[C@H]4[C@@]3(CC[C@H](C4)O)C)O)C
31703,C[C@H]1[C@H]([C@H](C[C@@H](O1)O[C@H]2C[C@@](CC3=C2C(=C4C(=C3O)C(=O)C5=C(C4=O)C(=CC=C5)OC)O)(C(=O)CO)O)N)O
36314,CC1=C2[C@H](C(=O)[C@@]3([C@H](C[C@@H]4[C@]([C@H]3[C@@H]([C@@](C2(C)C)(C[C@@H]1OC(=O)[C@@H]([C@H](C5=CC=CC=C5)NC(=O)C6=CC=CC=C6)O)O)OC(=O)C7=CC=CC=C7)(CO4)OC(=O)C)O)C)OC(=O)C
36462,C[C@@H]1OC[C@@H]2[C@@H](O1)[C@@H]([C@H]([C@@H](O2)O[C@H]3[C@H]4COC(=O)[C@@H]4[C@@H](C5=CC6=C(C=C35)OCO6)C7=CC(=C(C(=C7)OC)O)OC)O)O
41867,C[C@H]1[C@@H]([C@H](C[C@@H](O1)O[C@H]2C[C@@](CC3=C2C(=C4C(=C3O)C(=O)C5=C(C4=O)C(=CC=C5)OC)O)(C(=O)CO)O)N)O
47318,CC1=C(SSC1=S)C2=NC=CN=C2
47725,CC(C)CC(C(=O)NC(CCCN=C(N)N)C(=O)N1CCCC1C(=O)NNC(=O)N)NC(=O)C(COC(C)(C)C)NC(=O)C(CC2=CC=C(C=C2)O)NC(=O)C(CO)NC(=O)C(CC3=CNC4=CC=CC=C43)NC(=O)C(CC5=CN=CN5)NC(=O)C6CCC(=O)N6
53232,CC[C@H](C)C(=O)O[C@H]1C[C@H](C=C2[C@H]1[C@H]([C@H](C=C2)C)CC[C@@H]3C[C@H](CC(=O)O3)O)C
60700,CC[C@@]1(C2=C(COC1=O)C(=O)N3CC4=CC5=C(C=CC(=C5CN(C)C)O)N=C4C3=C2)O
60750,C1=CN(C(=O)N=C1N)[C@H]2C([C@@H]([C@H](O2)CO)O)(F)F
60823,CC(C)C1=C(C(=C(N1CC[C@H](C[C@H](CC(=O)O)O)O)C2=CC=C(C=C2)F)C3=CC=CC=C3)C(=O)NC4=CC=CC=C4
60838,CCC1=C2CN3C(=CC4=C(C3=O)COC(=O)[C@@]4(CC)O)C2=NC5=C1C=C(C=C5)OC(=O)N6CCC(CC6)N7CCCCC7
60852,CCCCCN(C)CCC(O)(P(=O)(O)O)P(=O)(O)O
60953,CCCCCOC(=O)NC1=NC(=O)N(C=C1F)[C@H]2[C@@H]([C@@H]([C@H](O2)C)O)O
72304,C1=CC=C(C=C1)C2=COC3=CC=CC=C3C2=O
73581,CC(C)(C)[C@@]1(C[C@H]2[C@@]3([C@]14[C@H](C(=O)O[C@H]4OC3=O)O)CC(=O)O2)O
89594,CN1CCC[C@H]1C2=CN=CC=C2
91466,C1C[C@@H]2[C@H]3CCCN4[C@H]3[C@@H](CCC4)CN2C(=O)C1
97226,CC[C@@]1(C2=C(COC1=O)C(=O)N3CC4=C(C3=C2)N=C5C=CC(=CC5=C4)O)O
107985,CC(C)[C@@]12[C@@H](O1)[C@H]3[C@@]4(O3)[C@]5(CCC6=C([C@@H]5C[C@H]7[C@]4([C@@H]2O)O7)COC6=O)C
114900,CC1=CC(=CC2=C1OC3=C2C(=CC(=C3)Cl)Cl)Cl
119104,CC(=O)OC1=CC=C(C=C1)[C@H](C=C)OC(=O)C
119307,CC(=CCC[C@@](C)([C@H]1CC[C@@]2([C@@H]1[C@@H](C[C@H]3[C@]2(CC[C@@H]4[C@@]3(CC[C@@H](C4(C)C)O[C@H]5[C@@H]([C@H]([C@@H]([C@H](O5)CO)O)O)O)C)C)O)C)O)C
122634,CCCCCCCCCCCCCC(=O)O[C@@H]1[C@H]([C@]2([C@@H](C=C(C[C@@]3([C@H]2C=C(C3=O)C)O)CO)[C@H]4[C@@]1(C4(C)C)OC(=O)C)O)C
123596,CC1=C(C=C(C=C1)NC(=O)C2=CC=C(C=C2)CN3CCN(CC3)C)NC4=NC=CC(=N4)C5=CN=CC=C5.CS(=O)(=O)O
123631,COC1=C(C=C2C(=C1)N=CN=C2NC3=CC(=C(C=C3)F)Cl)OCCCN4CCOCC4
148124,CC1=C2[C@H](C(=O)[C@@]3([C@H](C[C@@H]4[C@]([C@H]3[C@@H]([C@@](C2(C)C)(C[C@@H]1OC(=O)[C@@H]([C@H](C5=CC=CC=C5)NC(=O)OC(C)(C)C)O)O)OC(=O)C6=CC=CC=C6)(CO4)OC(=O)C)O)C)O
162282,C(CCN)C[CH+]C(=O)[NH-]
164676,CC1=COC2=C1C(=O)C(=O)C3=C2C=CC4=C3CCCC4(C)C
216239,CNC(=O)C1=NC=CC(=C1)OC2=CC=C(C=C2)NC(=O)NC3=CC(=C(C=C3)Cl)C(F)(F)F
216326,C1CC(=O)NC(=O)C1N2CC3=C(C2=O)C=CC=C3N
229455,C[C@]12CC[C@H]3[C@H]([C@@H]1CC[C@@H]2OC(=O)CCC4=CC=CC=C4)CCC5=CC(=O)CC[C@H]35
265237,CC1=C(C(=O)O[C@H](C1)[C@@H](C)[C@H]2CC[C@@H]3[C@@]2(CC[C@H]4[C@H]3C[C@@H]5[C@]6([C@@]4(C(=O)C=C[C@@H]6O)C)O5)C)CO
387447,B([C@H](CC(C)C)NC(=O)[C@H](CC1=CC=CC=C1)NC(=O)C2=NC=CN=C2)(O)O
442793,CCCCC[C@@H](CC(=O)CCC1=CC(=C(C=C1)O)OC)O
444732,C[C@H](/C=C(\\C)/C=C/C(=O)NO)C(=O)C1=CC=C(C=C1)N(C)C
444795,CC1=C(C(CCC1)(C)C)/C=C/C(=C/C=C/C(=C/C(=O)O)/C)/C
444796,CC1=CN(C(=O)NC1=O)[C@H]2C[C@@H]([C@H](O2)COP(=O)(O)O[C@H]3C[C@@H](O[C@@H]3COP(=O)(O)O[C@H]4C[C@@H](O[C@@H]4COP(=O)(O)O)N5C=C(C(=O)NC5=O)C)N6C=C(C(=O)NC6=O)C)O
444797,C1=CC=C(C=C1)C[C@H](CC(=O)O)C(=O)O
445154,C1=CC(=CC=C1/C=C/C2=CC(=CC(=C2)O)O)O
445434,C[C@H]1[C@@H](NC(=O)[C@@H](NC(=O)[C@H]([C@@H](NC(=O)[C@@H](NC(=O)[C@H](NC(=O)C(=C)N(C(=O)CC[C@@H](NC1=O)C(=O)O)C)C)CC(C)C)C(=O)O)C)CCCN=C(N)N)/C=C/C(=C/[C@H](C)[C@H](CC2=CC=CC=C2)OC)/C
445580,CC/C=C\\C/C=C\\C/C=C\\C/C=C\\C/C=C\\C/C=C\\CCC(=O)O
445639,CCCCCCCC/C=C\\CCCCCCCC(=O)O
446220,CN1[C@H]2CC[C@@H]1[C@H]([C@H](C2)OC(=O)C3=CC=CC=C3)C(=O)OC
448537,CC/C(=C(/CC)\\C1=CC=C(C=C1)O)/C2=CC=C(C=C2)O
451668,C1[C@@H]([C@H](O[C@H]1N2C=NC(=NC2=O)N)CO)O
452548,COC1=CC(=CC(=C1O)OC)[C@H]2[C@@H]3[C@H](COC3=O)[C@@H](C4=CC5=C(C=C24)OCO5)O[C@H]6[C@@H]([C@H]([C@H]7[C@H](O6)CO[C@H](O7)C8=CC=CS8)O)O
455658,CC1=C(C2=CC3=C(C(=C([N-]3)C=C4C(=C(C(=N4)C=C5C(=C(C(=N5)C=C1[N-]2)C)C=C)C)C=C)C)CCC(=O)O)CCC(=O)O.[Cl-].[Fe+3]
460612,C1=CC(=CC=C1C[C@@H](C(=O)O)N)N(CCCl)CCCl
462382,CC(C)C[C@@H](C=O)NC(=O)[C@H](CC(C)C)NC(=O)[C@H](CC(C)C)NC(=O)OCC1=CC=CC=C1
638278,C1=CC(=CC=C1/C=C/C(=O)C2=C(C=C(C=C2)O)O)O
667639,C1=CC(=C(C=C1/C=C/C2=CC(=CC(=C2)O)O)O)O
969516,COC1=C(C=CC(=C1)/C=C/C(=O)CC(=O)/C=C/C2=CC(=C(C=C2)O)OC)O
2733526,CC/C(=C(\\C1=CC=CC=C1)/C2=CC=C(C=C2)OCCN(C)C)/C3=CC=CC=C3
3028194,[Li]
5222465,CCCC(=O)[O-].[Na+]
5280448,COC1=C(C=C(C=C1)C2=COC3=C(C2=O)C=CC(=C3)O)O
5280453,C[C@H](CCCC(C)(C)O)[C@H]1CC[C@@H]\\2[C@@]1(CCC/C2=C\\C=C/3\\C[C@H](C[C@@H](C3=C)O)O)C
5280795,C[C@H](CCCC(C)C)[C@H]1CC[C@@H]\\2[C@@]1(CCC/C2=C\\C=C/3\\C[C@H](CCC3=C)O)C
5280961,C1=CC(=CC=C1C2=COC3=CC(=CC(=C3C2=O)O)O)O
5281708,C1=CC(=CC=C1C2=COC3=C(C2=O)C=CC(=C3)O)O
5282350,CC1=CC(=CC2=C1O[C@](CC2)(C)CC/C=C(\\C)/CC/C=C(\\C)/CCC=C(C)C)O
5283344,CCCCCC(/C=C/C=O)O
5284373,CC[C@H]1C(=O)N(CC(=O)N([C@H](C(=O)N[C@H](C(=O)N([C@H](C(=O)N[C@H](C(=O)N[C@@H](C(=O)N([C@H](C(=O)N([C@H](C(=O)N([C@H](C(=O)N([C@H](C(=O)N1)[C@@H]([C@H](C)C/C=C/C)O)C)C(C)C)C)CC(C)C)C)CC(C)C)C)C)C)CC(C)C)C)C(C)C)CC(C)C)C)C
5288209,CC1=C(C(CCC1)(C)C)/C=C/C(=C/C=C/C(=C/C(=O)NC2=CC=C(C=C2)O)/C)/C
5288826,CN1CC[C@]23[C@@H]4[C@H]1CC5=C2C(=C(C=C5)O)O[C@H]3[C@H](C=C4)O
5310940,C1CC[C@H]([C@@H](C1)N)N.C(=O)(C(=O)O)O.[Pt]
5318517,C[C@@]12CC[C@H]([C@@]([C@H]1CCC(=C)[C@H]2C/C=C/3\\[C@@H](COC3=O)O)(C)CO)O
5329102,CCN(CC)CCNC(=O)C1=C(NC(=C1C)/C=C\\2/C3=C(C=CC(=C3)F)NC2=O)C
5352624,CC\\1=C(C2=C(/C1=C\\C3=CC=C(C=C3)SC)C=CC(=C2)F)CC(=O)O
5702198,N.N.Cl[Pt]Cl
9547215,C[C@]12CC[C@@H](C[C@H]1CC[C@@H]3[C@@H]2CC[C@]4([C@@]3(CC[C@@H]4C5=COC(=O)C=C5)O)C)O
9576410,CN(/C(=N/N=O)/N)[N+](=O)[O-]
9804992,CCN(CC)CC1=CC2=C(C=C1)C=C(C=C2)COC(=O)NC3=CC=C(C=C3)C(=O)NO
9949648,C[C@@H](C1=CC(=CC=C1)N2CCOCC2)NC(=O)/C=C/C3=CC=CC=C3
11953817,C(/C=[N+](/O)\\[O-])C(=O)O
21633059,CC(C)/C(=C/C(=O)O[C@@H]1C[C@@H]2[C@]3(CC[C@@H](CC3=CC[C@]2([C@@]4([C@]1([C@@](CC4)(C(=O)C)O)C)O)O)O)C)/C
42611257,CCCS(=O)(=O)NC1=C(C(=C(C=C1)F)C(=O)C2=CNC3=C2C=C(C=N3)C4=CC=C(C=C4)Cl)F
46843772,CCOC1=C(C=CC(=C1)N2CCC(CC2)O)NC3=NC=C4C(=N3)N(C5=CC=CC=C5C(=O)N4C)C
54670067,C([C@@H]([C@@H]1C(=C(C(=O)O1)O)O)O)O
135398735,C[C@H]1/C=C/C=C(\\C(=O)NC2=C(C(=C3C(=C2O)C(=C(C4=C3C(=O)[C@](O4)(O/C=C/[C@@H]([C@H]([C@H]([C@@H]([C@@H]([C@@H]([C@H]1O)C)O)C)OC(=O)C)C)OC)C)C)O)O)/C=N/N5CCN(CC5)C)/C
